﻿<?xml version="1.0" encoding="utf-8" ?>
<FieldTypes>
  <FieldType>
    <Field Name="TypeName">EnhancedFieldUrl</Field>
    <Field Name="ParentType">URL</Field>
    <Field Name="TypeDisplayName">Enhanced URL Selector</Field>
    <Field Name="TypeShortDescription">Enhanced URL Selector</Field>
    <Field Name="UserCreatable">TRUE</Field>
    <Field Name="FieldTypeClass">TheRoks.EnhancedUrlField.CodeBehind.EnhancedFieldUrl, TheRoks.EnhancedUrlField, Version=1.0.0.0, Culture=neutral, PublicKeyToken=f4aca7afa0e2c265</Field>
  </FieldType>
</FieldTypes>